TableName,ColumnID,Label,Concept,PredicateType
B17001I,B17001I_001E,EstimateTotal,POVERTY STATUS IN THE PAST 12 MONTHS BY SEX BY AGE (HISPANIC OR LATINO),INTEGER
B17001I,B17001I_001EA,AnnotationOfEstimateTotal,POVERTY STATUS IN THE PAST 12 MONTHS BY SEX BY AGE (HISPANIC OR LATINO),VARCHAR(MAX)
B17001I,B17001I_001M,MarginOfErrorTotal,POVERTY STATUS IN THE PAST 12 MONTHS BY SEX BY AGE (HISPANIC OR LATINO),INTEGER
B17001I,B17001I_001MA,AnnotationOfMarginOfErrorTotal,POVERTY STATUS IN THE PAST 12 MONTHS BY SEX BY AGE (HISPANIC OR LATINO),VARCHAR(MAX)
B17001I,B17001I_002E,EstimateTotalIncomeInThePast12MonthsBelowPovertyLevel,POVERTY STATUS IN THE PAST 12 MONTHS BY SEX BY AGE (HISPANIC OR LATINO),INTEGER
B17001I,B17001I_002EA,AnnotationOfEstimateTotalIncomeInThePast12MonthsBelowPovertyLevel,POVERTY STATUS IN THE PAST 12 MONTHS BY SEX BY AGE (HISPANIC OR LATINO),VARCHAR(MAX)
B17001I,B17001I_002M,MarginOfErrorTotalIncomeInThePast12MonthsBelowPovertyLevel,POVERTY STATUS IN THE PAST 12 MONTHS BY SEX BY AGE (HISPANIC OR LATINO),INTEGER
B17001I,B17001I_002MA,AnnotationOfMarginOfErrorTotalIncomeInThePast12MonthsBelowPovertyLevel,POVERTY STATUS IN THE PAST 12 MONTHS BY SEX BY AGE (HISPANIC OR LATINO),VARCHAR(MAX)
B17001I,B17001I_003E,EstimateTotalIncomeInThePast12MonthsBelowPovertyLevelMale,POVERTY STATUS IN THE PAST 12 MONTHS BY SEX BY AGE (HISPANIC OR LATINO),INTEGER
B17001I,B17001I_003EA,AnnotationOfEstimateTotalIncomeInThePast12MonthsBelowPovertyLevelMale,POVERTY STATUS IN THE PAST 12 MONTHS BY SEX BY AGE (HISPANIC OR LATINO),VARCHAR(MAX)
B17001I,B17001I_003M,MarginOfErrorTotalIncomeInThePast12MonthsBelowPovertyLevelMale,POVERTY STATUS IN THE PAST 12 MONTHS BY SEX BY AGE (HISPANIC OR LATINO),INTEGER
B17001I,B17001I_003MA,AnnotationOfMarginOfErrorTotalIncomeInThePast12MonthsBelowPovertyLevelMale,POVERTY STATUS IN THE PAST 12 MONTHS BY SEX BY AGE (HISPANIC OR LATINO),VARCHAR(MAX)
B17001I,B17001I_004E,EstimateTotalIncomeInThePast12MonthsBelowPovertyLevelMaleUnder5Years,POVERTY STATUS IN THE PAST 12 MONTHS BY SEX BY AGE (HISPANIC OR LATINO),INTEGER
B17001I,B17001I_004EA,AnnotationOfEstimateTotalIncomeInThePast12MonthsBelowPovertyLevelMaleUnder5Years,POVERTY STATUS IN THE PAST 12 MONTHS BY SEX BY AGE (HISPANIC OR LATINO),VARCHAR(MAX)
B17001I,B17001I_004M,MarginOfErrorTotalIncomeInThePast12MonthsBelowPovertyLevelMaleUnder5Years,POVERTY STATUS IN THE PAST 12 MONTHS BY SEX BY AGE (HISPANIC OR LATINO),INTEGER
B17001I,B17001I_004MA,AnnotationOfMarginOfErrorTotalIncomeInThePast12MonthsBelowPovertyLevelMaleUnder5Years,POVERTY STATUS IN THE PAST 12 MONTHS BY SEX BY AGE (HISPANIC OR LATINO),VARCHAR(MAX)
B17001I,B17001I_005E,EstimateTotalIncomeInThePast12MonthsBelowPovertyLevelMale5Years,POVERTY STATUS IN THE PAST 12 MONTHS BY SEX BY AGE (HISPANIC OR LATINO),INTEGER
B17001I,B17001I_005EA,AnnotationOfEstimateTotalIncomeInThePast12MonthsBelowPovertyLevelMale5Years,POVERTY STATUS IN THE PAST 12 MONTHS BY SEX BY AGE (HISPANIC OR LATINO),VARCHAR(MAX)
B17001I,B17001I_005M,MarginOfErrorTotalIncomeInThePast12MonthsBelowPovertyLevelMale5Years,POVERTY STATUS IN THE PAST 12 MONTHS BY SEX BY AGE (HISPANIC OR LATINO),INTEGER
B17001I,B17001I_005MA,AnnotationOfMarginOfErrorTotalIncomeInThePast12MonthsBelowPovertyLevelMale5Years,POVERTY STATUS IN THE PAST 12 MONTHS BY SEX BY AGE (HISPANIC OR LATINO),VARCHAR(MAX)
B17001I,B17001I_006E,EstimateTotalIncomeInThePast12MonthsBelowPovertyLevelMale6To11Years,POVERTY STATUS IN THE PAST 12 MONTHS BY SEX BY AGE (HISPANIC OR LATINO),INTEGER
B17001I,B17001I_006EA,AnnotationOfEstimateTotalIncomeInThePast12MonthsBelowPovertyLevelMale6To11Years,POVERTY STATUS IN THE PAST 12 MONTHS BY SEX BY AGE (HISPANIC OR LATINO),VARCHAR(MAX)
B17001I,B17001I_006M,MarginOfErrorTotalIncomeInThePast12MonthsBelowPovertyLevelMale6To11Years,POVERTY STATUS IN THE PAST 12 MONTHS BY SEX BY AGE (HISPANIC OR LATINO),INTEGER
B17001I,B17001I_006MA,AnnotationOfMarginOfErrorTotalIncomeInThePast12MonthsBelowPovertyLevelMale6To11Years,POVERTY STATUS IN THE PAST 12 MONTHS BY SEX BY AGE (HISPANIC OR LATINO),VARCHAR(MAX)
B17001I,B17001I_007E,EstimateTotalIncomeInThePast12MonthsBelowPovertyLevelMale12To14Years,POVERTY STATUS IN THE PAST 12 MONTHS BY SEX BY AGE (HISPANIC OR LATINO),INTEGER
B17001I,B17001I_007EA,AnnotationOfEstimateTotalIncomeInThePast12MonthsBelowPovertyLevelMale12To14Years,POVERTY STATUS IN THE PAST 12 MONTHS BY SEX BY AGE (HISPANIC OR LATINO),VARCHAR(MAX)
B17001I,B17001I_007M,MarginOfErrorTotalIncomeInThePast12MonthsBelowPovertyLevelMale12To14Years,POVERTY STATUS IN THE PAST 12 MONTHS BY SEX BY AGE (HISPANIC OR LATINO),INTEGER
B17001I,B17001I_007MA,AnnotationOfMarginOfErrorTotalIncomeInThePast12MonthsBelowPovertyLevelMale12To14Years,POVERTY STATUS IN THE PAST 12 MONTHS BY SEX BY AGE (HISPANIC OR LATINO),VARCHAR(MAX)
B17001I,B17001I_008E,EstimateTotalIncomeInThePast12MonthsBelowPovertyLevelMale15Years,POVERTY STATUS IN THE PAST 12 MONTHS BY SEX BY AGE (HISPANIC OR LATINO),INTEGER
B17001I,B17001I_008EA,AnnotationOfEstimateTotalIncomeInThePast12MonthsBelowPovertyLevelMale15Years,POVERTY STATUS IN THE PAST 12 MONTHS BY SEX BY AGE (HISPANIC OR LATINO),VARCHAR(MAX)
B17001I,B17001I_008M,MarginOfErrorTotalIncomeInThePast12MonthsBelowPovertyLevelMale15Years,POVERTY STATUS IN THE PAST 12 MONTHS BY SEX BY AGE (HISPANIC OR LATINO),INTEGER
B17001I,B17001I_008MA,AnnotationOfMarginOfErrorTotalIncomeInThePast12MonthsBelowPovertyLevelMale15Years,POVERTY STATUS IN THE PAST 12 MONTHS BY SEX BY AGE (HISPANIC OR LATINO),VARCHAR(MAX)
B17001I,B17001I_009E,EstimateTotalIncomeInThePast12MonthsBelowPovertyLevelMale16And17Years,POVERTY STATUS IN THE PAST 12 MONTHS BY SEX BY AGE (HISPANIC OR LATINO),INTEGER
B17001I,B17001I_009EA,AnnotationOfEstimateTotalIncomeInThePast12MonthsBelowPovertyLevelMale16And17Years,POVERTY STATUS IN THE PAST 12 MONTHS BY SEX BY AGE (HISPANIC OR LATINO),VARCHAR(MAX)
B17001I,B17001I_009M,MarginOfErrorTotalIncomeInThePast12MonthsBelowPovertyLevelMale16And17Years,POVERTY STATUS IN THE PAST 12 MONTHS BY SEX BY AGE (HISPANIC OR LATINO),INTEGER
B17001I,B17001I_009MA,AnnotationOfMarginOfErrorTotalIncomeInThePast12MonthsBelowPovertyLevelMale16And17Years,POVERTY STATUS IN THE PAST 12 MONTHS BY SEX BY AGE (HISPANIC OR LATINO),VARCHAR(MAX)
B17001I,B17001I_010E,EstimateTotalIncomeInThePast12MonthsBelowPovertyLevelMale18To24Years,POVERTY STATUS IN THE PAST 12 MONTHS BY SEX BY AGE (HISPANIC OR LATINO),INTEGER
B17001I,B17001I_010EA,AnnotationOfEstimateTotalIncomeInThePast12MonthsBelowPovertyLevelMale18To24Years,POVERTY STATUS IN THE PAST 12 MONTHS BY SEX BY AGE (HISPANIC OR LATINO),VARCHAR(MAX)
B17001I,B17001I_010M,MarginOfErrorTotalIncomeInThePast12MonthsBelowPovertyLevelMale18To24Years,POVERTY STATUS IN THE PAST 12 MONTHS BY SEX BY AGE (HISPANIC OR LATINO),INTEGER
B17001I,B17001I_010MA,AnnotationOfMarginOfErrorTotalIncomeInThePast12MonthsBelowPovertyLevelMale18To24Years,POVERTY STATUS IN THE PAST 12 MONTHS BY SEX BY AGE (HISPANIC OR LATINO),VARCHAR(MAX)
B17001I,B17001I_011E,EstimateTotalIncomeInThePast12MonthsBelowPovertyLevelMale25To34Years,POVERTY STATUS IN THE PAST 12 MONTHS BY SEX BY AGE (HISPANIC OR LATINO),INTEGER
B17001I,B17001I_011EA,AnnotationOfEstimateTotalIncomeInThePast12MonthsBelowPovertyLevelMale25To34Years,POVERTY STATUS IN THE PAST 12 MONTHS BY SEX BY AGE (HISPANIC OR LATINO),VARCHAR(MAX)
B17001I,B17001I_011M,MarginOfErrorTotalIncomeInThePast12MonthsBelowPovertyLevelMale25To34Years,POVERTY STATUS IN THE PAST 12 MONTHS BY SEX BY AGE (HISPANIC OR LATINO),INTEGER
B17001I,B17001I_011MA,AnnotationOfMarginOfErrorTotalIncomeInThePast12MonthsBelowPovertyLevelMale25To34Years,POVERTY STATUS IN THE PAST 12 MONTHS BY SEX BY AGE (HISPANIC OR LATINO),VARCHAR(MAX)
B17001I,B17001I_012E,EstimateTotalIncomeInThePast12MonthsBelowPovertyLevelMale35To44Years,POVERTY STATUS IN THE PAST 12 MONTHS BY SEX BY AGE (HISPANIC OR LATINO),INTEGER
B17001I,B17001I_012EA,AnnotationOfEstimateTotalIncomeInThePast12MonthsBelowPovertyLevelMale35To44Years,POVERTY STATUS IN THE PAST 12 MONTHS BY SEX BY AGE (HISPANIC OR LATINO),VARCHAR(MAX)
B17001I,B17001I_012M,MarginOfErrorTotalIncomeInThePast12MonthsBelowPovertyLevelMale35To44Years,POVERTY STATUS IN THE PAST 12 MONTHS BY SEX BY AGE (HISPANIC OR LATINO),INTEGER
B17001I,B17001I_012MA,AnnotationOfMarginOfErrorTotalIncomeInThePast12MonthsBelowPovertyLevelMale35To44Years,POVERTY STATUS IN THE PAST 12 MONTHS BY SEX BY AGE (HISPANIC OR LATINO),VARCHAR(MAX)
B17001I,B17001I_013E,EstimateTotalIncomeInThePast12MonthsBelowPovertyLevelMale45To54Years,POVERTY STATUS IN THE PAST 12 MONTHS BY SEX BY AGE (HISPANIC OR LATINO),INTEGER
B17001I,B17001I_013EA,AnnotationOfEstimateTotalIncomeInThePast12MonthsBelowPovertyLevelMale45To54Years,POVERTY STATUS IN THE PAST 12 MONTHS BY SEX BY AGE (HISPANIC OR LATINO),VARCHAR(MAX)
B17001I,B17001I_013M,MarginOfErrorTotalIncomeInThePast12MonthsBelowPovertyLevelMale45To54Years,POVERTY STATUS IN THE PAST 12 MONTHS BY SEX BY AGE (HISPANIC OR LATINO),INTEGER
B17001I,B17001I_013MA,AnnotationOfMarginOfErrorTotalIncomeInThePast12MonthsBelowPovertyLevelMale45To54Years,POVERTY STATUS IN THE PAST 12 MONTHS BY SEX BY AGE (HISPANIC OR LATINO),VARCHAR(MAX)
B17001I,B17001I_014E,EstimateTotalIncomeInThePast12MonthsBelowPovertyLevelMale55To64Years,POVERTY STATUS IN THE PAST 12 MONTHS BY SEX BY AGE (HISPANIC OR LATINO),INTEGER
B17001I,B17001I_014EA,AnnotationOfEstimateTotalIncomeInThePast12MonthsBelowPovertyLevelMale55To64Years,POVERTY STATUS IN THE PAST 12 MONTHS BY SEX BY AGE (HISPANIC OR LATINO),VARCHAR(MAX)
B17001I,B17001I_014M,MarginOfErrorTotalIncomeInThePast12MonthsBelowPovertyLevelMale55To64Years,POVERTY STATUS IN THE PAST 12 MONTHS BY SEX BY AGE (HISPANIC OR LATINO),INTEGER
B17001I,B17001I_014MA,AnnotationOfMarginOfErrorTotalIncomeInThePast12MonthsBelowPovertyLevelMale55To64Years,POVERTY STATUS IN THE PAST 12 MONTHS BY SEX BY AGE (HISPANIC OR LATINO),VARCHAR(MAX)
B17001I,B17001I_015E,EstimateTotalIncomeInThePast12MonthsBelowPovertyLevelMale65To74Years,POVERTY STATUS IN THE PAST 12 MONTHS BY SEX BY AGE (HISPANIC OR LATINO),INTEGER
B17001I,B17001I_015EA,AnnotationOfEstimateTotalIncomeInThePast12MonthsBelowPovertyLevelMale65To74Years,POVERTY STATUS IN THE PAST 12 MONTHS BY SEX BY AGE (HISPANIC OR LATINO),VARCHAR(MAX)
B17001I,B17001I_015M,MarginOfErrorTotalIncomeInThePast12MonthsBelowPovertyLevelMale65To74Years,POVERTY STATUS IN THE PAST 12 MONTHS BY SEX BY AGE (HISPANIC OR LATINO),INTEGER
B17001I,B17001I_015MA,AnnotationOfMarginOfErrorTotalIncomeInThePast12MonthsBelowPovertyLevelMale65To74Years,POVERTY STATUS IN THE PAST 12 MONTHS BY SEX BY AGE (HISPANIC OR LATINO),VARCHAR(MAX)
B17001I,B17001I_016E,EstimateTotalIncomeInThePast12MonthsBelowPovertyLevelMale75YearsAndOver,POVERTY STATUS IN THE PAST 12 MONTHS BY SEX BY AGE (HISPANIC OR LATINO),INTEGER
B17001I,B17001I_016EA,AnnotationOfEstimateTotalIncomeInThePast12MonthsBelowPovertyLevelMale75YearsAndOver,POVERTY STATUS IN THE PAST 12 MONTHS BY SEX BY AGE (HISPANIC OR LATINO),VARCHAR(MAX)
B17001I,B17001I_016M,MarginOfErrorTotalIncomeInThePast12MonthsBelowPovertyLevelMale75YearsAndOver,POVERTY STATUS IN THE PAST 12 MONTHS BY SEX BY AGE (HISPANIC OR LATINO),INTEGER
B17001I,B17001I_016MA,AnnotationOfMarginOfErrorTotalIncomeInThePast12MonthsBelowPovertyLevelMale75YearsAndOver,POVERTY STATUS IN THE PAST 12 MONTHS BY SEX BY AGE (HISPANIC OR LATINO),VARCHAR(MAX)
B17001I,B17001I_017E,EstimateTotalIncomeInThePast12MonthsBelowPovertyLevelFemale,POVERTY STATUS IN THE PAST 12 MONTHS BY SEX BY AGE (HISPANIC OR LATINO),INTEGER
B17001I,B17001I_017EA,AnnotationOfEstimateTotalIncomeInThePast12MonthsBelowPovertyLevelFemale,POVERTY STATUS IN THE PAST 12 MONTHS BY SEX BY AGE (HISPANIC OR LATINO),VARCHAR(MAX)
B17001I,B17001I_017M,MarginOfErrorTotalIncomeInThePast12MonthsBelowPovertyLevelFemale,POVERTY STATUS IN THE PAST 12 MONTHS BY SEX BY AGE (HISPANIC OR LATINO),INTEGER
B17001I,B17001I_017MA,AnnotationOfMarginOfErrorTotalIncomeInThePast12MonthsBelowPovertyLevelFemale,POVERTY STATUS IN THE PAST 12 MONTHS BY SEX BY AGE (HISPANIC OR LATINO),VARCHAR(MAX)
B17001I,B17001I_018E,EstimateTotalIncomeInThePast12MonthsBelowPovertyLevelFemaleUnder5Years,POVERTY STATUS IN THE PAST 12 MONTHS BY SEX BY AGE (HISPANIC OR LATINO),INTEGER
B17001I,B17001I_018EA,AnnotationOfEstimateTotalIncomeInThePast12MonthsBelowPovertyLevelFemaleUnder5Years,POVERTY STATUS IN THE PAST 12 MONTHS BY SEX BY AGE (HISPANIC OR LATINO),VARCHAR(MAX)
B17001I,B17001I_018M,MarginOfErrorTotalIncomeInThePast12MonthsBelowPovertyLevelFemaleUnder5Years,POVERTY STATUS IN THE PAST 12 MONTHS BY SEX BY AGE (HISPANIC OR LATINO),INTEGER
B17001I,B17001I_018MA,AnnotationOfMarginOfErrorTotalIncomeInThePast12MonthsBelowPovertyLevelFemaleUnder5Years,POVERTY STATUS IN THE PAST 12 MONTHS BY SEX BY AGE (HISPANIC OR LATINO),VARCHAR(MAX)
B17001I,B17001I_019E,EstimateTotalIncomeInThePast12MonthsBelowPovertyLevelFemale5Years,POVERTY STATUS IN THE PAST 12 MONTHS BY SEX BY AGE (HISPANIC OR LATINO),INTEGER
B17001I,B17001I_019EA,AnnotationOfEstimateTotalIncomeInThePast12MonthsBelowPovertyLevelFemale5Years,POVERTY STATUS IN THE PAST 12 MONTHS BY SEX BY AGE (HISPANIC OR LATINO),VARCHAR(MAX)
B17001I,B17001I_019M,MarginOfErrorTotalIncomeInThePast12MonthsBelowPovertyLevelFemale5Years,POVERTY STATUS IN THE PAST 12 MONTHS BY SEX BY AGE (HISPANIC OR LATINO),INTEGER
B17001I,B17001I_019MA,AnnotationOfMarginOfErrorTotalIncomeInThePast12MonthsBelowPovertyLevelFemale5Years,POVERTY STATUS IN THE PAST 12 MONTHS BY SEX BY AGE (HISPANIC OR LATINO),VARCHAR(MAX)
B17001I,B17001I_020E,EstimateTotalIncomeInThePast12MonthsBelowPovertyLevelFemale6To11Years,POVERTY STATUS IN THE PAST 12 MONTHS BY SEX BY AGE (HISPANIC OR LATINO),INTEGER
B17001I,B17001I_020EA,AnnotationOfEstimateTotalIncomeInThePast12MonthsBelowPovertyLevelFemale6To11Years,POVERTY STATUS IN THE PAST 12 MONTHS BY SEX BY AGE (HISPANIC OR LATINO),VARCHAR(MAX)
B17001I,B17001I_020M,MarginOfErrorTotalIncomeInThePast12MonthsBelowPovertyLevelFemale6To11Years,POVERTY STATUS IN THE PAST 12 MONTHS BY SEX BY AGE (HISPANIC OR LATINO),INTEGER
B17001I,B17001I_020MA,AnnotationOfMarginOfErrorTotalIncomeInThePast12MonthsBelowPovertyLevelFemale6To11Years,POVERTY STATUS IN THE PAST 12 MONTHS BY SEX BY AGE (HISPANIC OR LATINO),VARCHAR(MAX)
B17001I,B17001I_021E,EstimateTotalIncomeInThePast12MonthsBelowPovertyLevelFemale12To14Years,POVERTY STATUS IN THE PAST 12 MONTHS BY SEX BY AGE (HISPANIC OR LATINO),INTEGER
B17001I,B17001I_021EA,AnnotationOfEstimateTotalIncomeInThePast12MonthsBelowPovertyLevelFemale12To14Years,POVERTY STATUS IN THE PAST 12 MONTHS BY SEX BY AGE (HISPANIC OR LATINO),VARCHAR(MAX)
B17001I,B17001I_021M,MarginOfErrorTotalIncomeInThePast12MonthsBelowPovertyLevelFemale12To14Years,POVERTY STATUS IN THE PAST 12 MONTHS BY SEX BY AGE (HISPANIC OR LATINO),INTEGER
B17001I,B17001I_021MA,AnnotationOfMarginOfErrorTotalIncomeInThePast12MonthsBelowPovertyLevelFemale12To14Years,POVERTY STATUS IN THE PAST 12 MONTHS BY SEX BY AGE (HISPANIC OR LATINO),VARCHAR(MAX)
B17001I,B17001I_022E,EstimateTotalIncomeInThePast12MonthsBelowPovertyLevelFemale15Years,POVERTY STATUS IN THE PAST 12 MONTHS BY SEX BY AGE (HISPANIC OR LATINO),INTEGER
B17001I,B17001I_022EA,AnnotationOfEstimateTotalIncomeInThePast12MonthsBelowPovertyLevelFemale15Years,POVERTY STATUS IN THE PAST 12 MONTHS BY SEX BY AGE (HISPANIC OR LATINO),VARCHAR(MAX)
B17001I,B17001I_022M,MarginOfErrorTotalIncomeInThePast12MonthsBelowPovertyLevelFemale15Years,POVERTY STATUS IN THE PAST 12 MONTHS BY SEX BY AGE (HISPANIC OR LATINO),INTEGER
B17001I,B17001I_022MA,AnnotationOfMarginOfErrorTotalIncomeInThePast12MonthsBelowPovertyLevelFemale15Years,POVERTY STATUS IN THE PAST 12 MONTHS BY SEX BY AGE (HISPANIC OR LATINO),VARCHAR(MAX)
B17001I,B17001I_023E,EstimateTotalIncomeInThePast12MonthsBelowPovertyLevelFemale16And17Years,POVERTY STATUS IN THE PAST 12 MONTHS BY SEX BY AGE (HISPANIC OR LATINO),INTEGER
B17001I,B17001I_023EA,AnnotationOfEstimateTotalIncomeInThePast12MonthsBelowPovertyLevelFemale16And17Years,POVERTY STATUS IN THE PAST 12 MONTHS BY SEX BY AGE (HISPANIC OR LATINO),VARCHAR(MAX)
B17001I,B17001I_023M,MarginOfErrorTotalIncomeInThePast12MonthsBelowPovertyLevelFemale16And17Years,POVERTY STATUS IN THE PAST 12 MONTHS BY SEX BY AGE (HISPANIC OR LATINO),INTEGER
B17001I,B17001I_023MA,AnnotationOfMarginOfErrorTotalIncomeInThePast12MonthsBelowPovertyLevelFemale16And17Years,POVERTY STATUS IN THE PAST 12 MONTHS BY SEX BY AGE (HISPANIC OR LATINO),VARCHAR(MAX)
B17001I,B17001I_024E,EstimateTotalIncomeInThePast12MonthsBelowPovertyLevelFemale18To24Years,POVERTY STATUS IN THE PAST 12 MONTHS BY SEX BY AGE (HISPANIC OR LATINO),INTEGER
B17001I,B17001I_024EA,AnnotationOfEstimateTotalIncomeInThePast12MonthsBelowPovertyLevelFemale18To24Years,POVERTY STATUS IN THE PAST 12 MONTHS BY SEX BY AGE (HISPANIC OR LATINO),VARCHAR(MAX)
B17001I,B17001I_024M,MarginOfErrorTotalIncomeInThePast12MonthsBelowPovertyLevelFemale18To24Years,POVERTY STATUS IN THE PAST 12 MONTHS BY SEX BY AGE (HISPANIC OR LATINO),INTEGER
B17001I,B17001I_024MA,AnnotationOfMarginOfErrorTotalIncomeInThePast12MonthsBelowPovertyLevelFemale18To24Years,POVERTY STATUS IN THE PAST 12 MONTHS BY SEX BY AGE (HISPANIC OR LATINO),VARCHAR(MAX)
B17001I,B17001I_025E,EstimateTotalIncomeInThePast12MonthsBelowPovertyLevelFemale25To34Years,POVERTY STATUS IN THE PAST 12 MONTHS BY SEX BY AGE (HISPANIC OR LATINO),INTEGER
B17001I,B17001I_025EA,AnnotationOfEstimateTotalIncomeInThePast12MonthsBelowPovertyLevelFemale25To34Years,POVERTY STATUS IN THE PAST 12 MONTHS BY SEX BY AGE (HISPANIC OR LATINO),VARCHAR(MAX)
B17001I,B17001I_025M,MarginOfErrorTotalIncomeInThePast12MonthsBelowPovertyLevelFemale25To34Years,POVERTY STATUS IN THE PAST 12 MONTHS BY SEX BY AGE (HISPANIC OR LATINO),INTEGER
B17001I,B17001I_025MA,AnnotationOfMarginOfErrorTotalIncomeInThePast12MonthsBelowPovertyLevelFemale25To34Years,POVERTY STATUS IN THE PAST 12 MONTHS BY SEX BY AGE (HISPANIC OR LATINO),VARCHAR(MAX)
B17001I,B17001I_026E,EstimateTotalIncomeInThePast12MonthsBelowPovertyLevelFemale35To44Years,POVERTY STATUS IN THE PAST 12 MONTHS BY SEX BY AGE (HISPANIC OR LATINO),INTEGER
B17001I,B17001I_026EA,AnnotationOfEstimateTotalIncomeInThePast12MonthsBelowPovertyLevelFemale35To44Years,POVERTY STATUS IN THE PAST 12 MONTHS BY SEX BY AGE (HISPANIC OR LATINO),VARCHAR(MAX)
B17001I,B17001I_026M,MarginOfErrorTotalIncomeInThePast12MonthsBelowPovertyLevelFemale35To44Years,POVERTY STATUS IN THE PAST 12 MONTHS BY SEX BY AGE (HISPANIC OR LATINO),INTEGER
B17001I,B17001I_026MA,AnnotationOfMarginOfErrorTotalIncomeInThePast12MonthsBelowPovertyLevelFemale35To44Years,POVERTY STATUS IN THE PAST 12 MONTHS BY SEX BY AGE (HISPANIC OR LATINO),VARCHAR(MAX)
B17001I,B17001I_027E,EstimateTotalIncomeInThePast12MonthsBelowPovertyLevelFemale45To54Years,POVERTY STATUS IN THE PAST 12 MONTHS BY SEX BY AGE (HISPANIC OR LATINO),INTEGER
B17001I,B17001I_027EA,AnnotationOfEstimateTotalIncomeInThePast12MonthsBelowPovertyLevelFemale45To54Years,POVERTY STATUS IN THE PAST 12 MONTHS BY SEX BY AGE (HISPANIC OR LATINO),VARCHAR(MAX)
B17001I,B17001I_027M,MarginOfErrorTotalIncomeInThePast12MonthsBelowPovertyLevelFemale45To54Years,POVERTY STATUS IN THE PAST 12 MONTHS BY SEX BY AGE (HISPANIC OR LATINO),INTEGER
B17001I,B17001I_027MA,AnnotationOfMarginOfErrorTotalIncomeInThePast12MonthsBelowPovertyLevelFemale45To54Years,POVERTY STATUS IN THE PAST 12 MONTHS BY SEX BY AGE (HISPANIC OR LATINO),VARCHAR(MAX)
B17001I,B17001I_028E,EstimateTotalIncomeInThePast12MonthsBelowPovertyLevelFemale55To64Years,POVERTY STATUS IN THE PAST 12 MONTHS BY SEX BY AGE (HISPANIC OR LATINO),INTEGER
B17001I,B17001I_028EA,AnnotationOfEstimateTotalIncomeInThePast12MonthsBelowPovertyLevelFemale55To64Years,POVERTY STATUS IN THE PAST 12 MONTHS BY SEX BY AGE (HISPANIC OR LATINO),VARCHAR(MAX)
B17001I,B17001I_028M,MarginOfErrorTotalIncomeInThePast12MonthsBelowPovertyLevelFemale55To64Years,POVERTY STATUS IN THE PAST 12 MONTHS BY SEX BY AGE (HISPANIC OR LATINO),INTEGER
B17001I,B17001I_028MA,AnnotationOfMarginOfErrorTotalIncomeInThePast12MonthsBelowPovertyLevelFemale55To64Years,POVERTY STATUS IN THE PAST 12 MONTHS BY SEX BY AGE (HISPANIC OR LATINO),VARCHAR(MAX)
B17001I,B17001I_029E,EstimateTotalIncomeInThePast12MonthsBelowPovertyLevelFemale65To74Years,POVERTY STATUS IN THE PAST 12 MONTHS BY SEX BY AGE (HISPANIC OR LATINO),INTEGER
B17001I,B17001I_029EA,AnnotationOfEstimateTotalIncomeInThePast12MonthsBelowPovertyLevelFemale65To74Years,POVERTY STATUS IN THE PAST 12 MONTHS BY SEX BY AGE (HISPANIC OR LATINO),VARCHAR(MAX)
B17001I,B17001I_029M,MarginOfErrorTotalIncomeInThePast12MonthsBelowPovertyLevelFemale65To74Years,POVERTY STATUS IN THE PAST 12 MONTHS BY SEX BY AGE (HISPANIC OR LATINO),INTEGER
B17001I,B17001I_029MA,AnnotationOfMarginOfErrorTotalIncomeInThePast12MonthsBelowPovertyLevelFemale65To74Years,POVERTY STATUS IN THE PAST 12 MONTHS BY SEX BY AGE (HISPANIC OR LATINO),VARCHAR(MAX)
B17001I,B17001I_030E,EstimateTotalIncomeInThePast12MonthsBelowPovertyLevelFemale75YearsAndOver,POVERTY STATUS IN THE PAST 12 MONTHS BY SEX BY AGE (HISPANIC OR LATINO),INTEGER
B17001I,B17001I_030EA,AnnotationOfEstimateTotalIncomeInThePast12MonthsBelowPovertyLevelFemale75YearsAndOver,POVERTY STATUS IN THE PAST 12 MONTHS BY SEX BY AGE (HISPANIC OR LATINO),VARCHAR(MAX)
B17001I,B17001I_030M,MarginOfErrorTotalIncomeInThePast12MonthsBelowPovertyLevelFemale75YearsAndOver,POVERTY STATUS IN THE PAST 12 MONTHS BY SEX BY AGE (HISPANIC OR LATINO),INTEGER
B17001I,B17001I_030MA,AnnotationOfMarginOfErrorTotalIncomeInThePast12MonthsBelowPovertyLevelFemale75YearsAndOver,POVERTY STATUS IN THE PAST 12 MONTHS BY SEX BY AGE (HISPANIC OR LATINO),VARCHAR(MAX)
B17001I,B17001I_031E,EstimateTotalIncomeInThePast12MonthsAtOrAbovePovertyLevel,POVERTY STATUS IN THE PAST 12 MONTHS BY SEX BY AGE (HISPANIC OR LATINO),INTEGER
B17001I,B17001I_031EA,AnnotationOfEstimateTotalIncomeInThePast12MonthsAtOrAbovePovertyLevel,POVERTY STATUS IN THE PAST 12 MONTHS BY SEX BY AGE (HISPANIC OR LATINO),VARCHAR(MAX)
B17001I,B17001I_031M,MarginOfErrorTotalIncomeInThePast12MonthsAtOrAbovePovertyLevel,POVERTY STATUS IN THE PAST 12 MONTHS BY SEX BY AGE (HISPANIC OR LATINO),INTEGER
B17001I,B17001I_031MA,AnnotationOfMarginOfErrorTotalIncomeInThePast12MonthsAtOrAbovePovertyLevel,POVERTY STATUS IN THE PAST 12 MONTHS BY SEX BY AGE (HISPANIC OR LATINO),VARCHAR(MAX)
B17001I,B17001I_032E,EstimateTotalIncomeInThePast12MonthsAtOrAbovePovertyLevelMale,POVERTY STATUS IN THE PAST 12 MONTHS BY SEX BY AGE (HISPANIC OR LATINO),INTEGER
B17001I,B17001I_032EA,AnnotationOfEstimateTotalIncomeInThePast12MonthsAtOrAbovePovertyLevelMale,POVERTY STATUS IN THE PAST 12 MONTHS BY SEX BY AGE (HISPANIC OR LATINO),VARCHAR(MAX)
B17001I,B17001I_032M,MarginOfErrorTotalIncomeInThePast12MonthsAtOrAbovePovertyLevelMale,POVERTY STATUS IN THE PAST 12 MONTHS BY SEX BY AGE (HISPANIC OR LATINO),INTEGER
B17001I,B17001I_032MA,AnnotationOfMarginOfErrorTotalIncomeInThePast12MonthsAtOrAbovePovertyLevelMale,POVERTY STATUS IN THE PAST 12 MONTHS BY SEX BY AGE (HISPANIC OR LATINO),VARCHAR(MAX)
B17001I,B17001I_033E,EstimateTotalIncomeInThePast12MonthsAtOrAbovePovertyLevelMaleUnder5Years,POVERTY STATUS IN THE PAST 12 MONTHS BY SEX BY AGE (HISPANIC OR LATINO),INTEGER
B17001I,B17001I_033EA,AnnotationOfEstimateTotalIncomeInThePast12MonthsAtOrAbovePovertyLevelMaleUnder5Years,POVERTY STATUS IN THE PAST 12 MONTHS BY SEX BY AGE (HISPANIC OR LATINO),VARCHAR(MAX)
B17001I,B17001I_033M,MarginOfErrorTotalIncomeInThePast12MonthsAtOrAbovePovertyLevelMaleUnder5Years,POVERTY STATUS IN THE PAST 12 MONTHS BY SEX BY AGE (HISPANIC OR LATINO),INTEGER
B17001I,B17001I_033MA,AnnotationOfMarginOfErrorTotalIncomeInThePast12MonthsAtOrAbovePovertyLevelMaleUnder5Years,POVERTY STATUS IN THE PAST 12 MONTHS BY SEX BY AGE (HISPANIC OR LATINO),VARCHAR(MAX)
B17001I,B17001I_034E,EstimateTotalIncomeInThePast12MonthsAtOrAbovePovertyLevelMale5Years,POVERTY STATUS IN THE PAST 12 MONTHS BY SEX BY AGE (HISPANIC OR LATINO),INTEGER
B17001I,B17001I_034EA,AnnotationOfEstimateTotalIncomeInThePast12MonthsAtOrAbovePovertyLevelMale5Years,POVERTY STATUS IN THE PAST 12 MONTHS BY SEX BY AGE (HISPANIC OR LATINO),VARCHAR(MAX)
B17001I,B17001I_034M,MarginOfErrorTotalIncomeInThePast12MonthsAtOrAbovePovertyLevelMale5Years,POVERTY STATUS IN THE PAST 12 MONTHS BY SEX BY AGE (HISPANIC OR LATINO),INTEGER
B17001I,B17001I_034MA,AnnotationOfMarginOfErrorTotalIncomeInThePast12MonthsAtOrAbovePovertyLevelMale5Years,POVERTY STATUS IN THE PAST 12 MONTHS BY SEX BY AGE (HISPANIC OR LATINO),VARCHAR(MAX)
B17001I,B17001I_035E,EstimateTotalIncomeInThePast12MonthsAtOrAbovePovertyLevelMale6To11Years,POVERTY STATUS IN THE PAST 12 MONTHS BY SEX BY AGE (HISPANIC OR LATINO),INTEGER
B17001I,B17001I_035EA,AnnotationOfEstimateTotalIncomeInThePast12MonthsAtOrAbovePovertyLevelMale6To11Years,POVERTY STATUS IN THE PAST 12 MONTHS BY SEX BY AGE (HISPANIC OR LATINO),VARCHAR(MAX)
B17001I,B17001I_035M,MarginOfErrorTotalIncomeInThePast12MonthsAtOrAbovePovertyLevelMale6To11Years,POVERTY STATUS IN THE PAST 12 MONTHS BY SEX BY AGE (HISPANIC OR LATINO),INTEGER
B17001I,B17001I_035MA,AnnotationOfMarginOfErrorTotalIncomeInThePast12MonthsAtOrAbovePovertyLevelMale6To11Years,POVERTY STATUS IN THE PAST 12 MONTHS BY SEX BY AGE (HISPANIC OR LATINO),VARCHAR(MAX)
B17001I,B17001I_036E,EstimateTotalIncomeInThePast12MonthsAtOrAbovePovertyLevelMale12To14Years,POVERTY STATUS IN THE PAST 12 MONTHS BY SEX BY AGE (HISPANIC OR LATINO),INTEGER
B17001I,B17001I_036EA,AnnotationOfEstimateTotalIncomeInThePast12MonthsAtOrAbovePovertyLevelMale12To14Years,POVERTY STATUS IN THE PAST 12 MONTHS BY SEX BY AGE (HISPANIC OR LATINO),VARCHAR(MAX)
B17001I,B17001I_036M,MarginOfErrorTotalIncomeInThePast12MonthsAtOrAbovePovertyLevelMale12To14Years,POVERTY STATUS IN THE PAST 12 MONTHS BY SEX BY AGE (HISPANIC OR LATINO),INTEGER
B17001I,B17001I_036MA,AnnotationOfMarginOfErrorTotalIncomeInThePast12MonthsAtOrAbovePovertyLevelMale12To14Years,POVERTY STATUS IN THE PAST 12 MONTHS BY SEX BY AGE (HISPANIC OR LATINO),VARCHAR(MAX)
B17001I,B17001I_037E,EstimateTotalIncomeInThePast12MonthsAtOrAbovePovertyLevelMale15Years,POVERTY STATUS IN THE PAST 12 MONTHS BY SEX BY AGE (HISPANIC OR LATINO),INTEGER
B17001I,B17001I_037EA,AnnotationOfEstimateTotalIncomeInThePast12MonthsAtOrAbovePovertyLevelMale15Years,POVERTY STATUS IN THE PAST 12 MONTHS BY SEX BY AGE (HISPANIC OR LATINO),VARCHAR(MAX)
B17001I,B17001I_037M,MarginOfErrorTotalIncomeInThePast12MonthsAtOrAbovePovertyLevelMale15Years,POVERTY STATUS IN THE PAST 12 MONTHS BY SEX BY AGE (HISPANIC OR LATINO),INTEGER
B17001I,B17001I_037MA,AnnotationOfMarginOfErrorTotalIncomeInThePast12MonthsAtOrAbovePovertyLevelMale15Years,POVERTY STATUS IN THE PAST 12 MONTHS BY SEX BY AGE (HISPANIC OR LATINO),VARCHAR(MAX)
B17001I,B17001I_038E,EstimateTotalIncomeInThePast12MonthsAtOrAbovePovertyLevelMale16And17Years,POVERTY STATUS IN THE PAST 12 MONTHS BY SEX BY AGE (HISPANIC OR LATINO),INTEGER
B17001I,B17001I_038EA,AnnotationOfEstimateTotalIncomeInThePast12MonthsAtOrAbovePovertyLevelMale16And17Years,POVERTY STATUS IN THE PAST 12 MONTHS BY SEX BY AGE (HISPANIC OR LATINO),VARCHAR(MAX)
B17001I,B17001I_038M,MarginOfErrorTotalIncomeInThePast12MonthsAtOrAbovePovertyLevelMale16And17Years,POVERTY STATUS IN THE PAST 12 MONTHS BY SEX BY AGE (HISPANIC OR LATINO),INTEGER
B17001I,B17001I_038MA,AnnotationOfMarginOfErrorTotalIncomeInThePast12MonthsAtOrAbovePovertyLevelMale16And17Years,POVERTY STATUS IN THE PAST 12 MONTHS BY SEX BY AGE (HISPANIC OR LATINO),VARCHAR(MAX)
B17001I,B17001I_039E,EstimateTotalIncomeInThePast12MonthsAtOrAbovePovertyLevelMale18To24Years,POVERTY STATUS IN THE PAST 12 MONTHS BY SEX BY AGE (HISPANIC OR LATINO),INTEGER
B17001I,B17001I_039EA,AnnotationOfEstimateTotalIncomeInThePast12MonthsAtOrAbovePovertyLevelMale18To24Years,POVERTY STATUS IN THE PAST 12 MONTHS BY SEX BY AGE (HISPANIC OR LATINO),VARCHAR(MAX)
B17001I,B17001I_039M,MarginOfErrorTotalIncomeInThePast12MonthsAtOrAbovePovertyLevelMale18To24Years,POVERTY STATUS IN THE PAST 12 MONTHS BY SEX BY AGE (HISPANIC OR LATINO),INTEGER
B17001I,B17001I_039MA,AnnotationOfMarginOfErrorTotalIncomeInThePast12MonthsAtOrAbovePovertyLevelMale18To24Years,POVERTY STATUS IN THE PAST 12 MONTHS BY SEX BY AGE (HISPANIC OR LATINO),VARCHAR(MAX)
B17001I,B17001I_040E,EstimateTotalIncomeInThePast12MonthsAtOrAbovePovertyLevelMale25To34Years,POVERTY STATUS IN THE PAST 12 MONTHS BY SEX BY AGE (HISPANIC OR LATINO),INTEGER
B17001I,B17001I_040EA,AnnotationOfEstimateTotalIncomeInThePast12MonthsAtOrAbovePovertyLevelMale25To34Years,POVERTY STATUS IN THE PAST 12 MONTHS BY SEX BY AGE (HISPANIC OR LATINO),VARCHAR(MAX)
B17001I,B17001I_040M,MarginOfErrorTotalIncomeInThePast12MonthsAtOrAbovePovertyLevelMale25To34Years,POVERTY STATUS IN THE PAST 12 MONTHS BY SEX BY AGE (HISPANIC OR LATINO),INTEGER
B17001I,B17001I_040MA,AnnotationOfMarginOfErrorTotalIncomeInThePast12MonthsAtOrAbovePovertyLevelMale25To34Years,POVERTY STATUS IN THE PAST 12 MONTHS BY SEX BY AGE (HISPANIC OR LATINO),VARCHAR(MAX)
B17001I,B17001I_041E,EstimateTotalIncomeInThePast12MonthsAtOrAbovePovertyLevelMale35To44Years,POVERTY STATUS IN THE PAST 12 MONTHS BY SEX BY AGE (HISPANIC OR LATINO),INTEGER
B17001I,B17001I_041EA,AnnotationOfEstimateTotalIncomeInThePast12MonthsAtOrAbovePovertyLevelMale35To44Years,POVERTY STATUS IN THE PAST 12 MONTHS BY SEX BY AGE (HISPANIC OR LATINO),VARCHAR(MAX)
B17001I,B17001I_041M,MarginOfErrorTotalIncomeInThePast12MonthsAtOrAbovePovertyLevelMale35To44Years,POVERTY STATUS IN THE PAST 12 MONTHS BY SEX BY AGE (HISPANIC OR LATINO),INTEGER
B17001I,B17001I_041MA,AnnotationOfMarginOfErrorTotalIncomeInThePast12MonthsAtOrAbovePovertyLevelMale35To44Years,POVERTY STATUS IN THE PAST 12 MONTHS BY SEX BY AGE (HISPANIC OR LATINO),VARCHAR(MAX)
B17001I,B17001I_042E,EstimateTotalIncomeInThePast12MonthsAtOrAbovePovertyLevelMale45To54Years,POVERTY STATUS IN THE PAST 12 MONTHS BY SEX BY AGE (HISPANIC OR LATINO),INTEGER
B17001I,B17001I_042EA,AnnotationOfEstimateTotalIncomeInThePast12MonthsAtOrAbovePovertyLevelMale45To54Years,POVERTY STATUS IN THE PAST 12 MONTHS BY SEX BY AGE (HISPANIC OR LATINO),VARCHAR(MAX)
B17001I,B17001I_042M,MarginOfErrorTotalIncomeInThePast12MonthsAtOrAbovePovertyLevelMale45To54Years,POVERTY STATUS IN THE PAST 12 MONTHS BY SEX BY AGE (HISPANIC OR LATINO),INTEGER
B17001I,B17001I_042MA,AnnotationOfMarginOfErrorTotalIncomeInThePast12MonthsAtOrAbovePovertyLevelMale45To54Years,POVERTY STATUS IN THE PAST 12 MONTHS BY SEX BY AGE (HISPANIC OR LATINO),VARCHAR(MAX)
B17001I,B17001I_043E,EstimateTotalIncomeInThePast12MonthsAtOrAbovePovertyLevelMale55To64Years,POVERTY STATUS IN THE PAST 12 MONTHS BY SEX BY AGE (HISPANIC OR LATINO),INTEGER
B17001I,B17001I_043EA,AnnotationOfEstimateTotalIncomeInThePast12MonthsAtOrAbovePovertyLevelMale55To64Years,POVERTY STATUS IN THE PAST 12 MONTHS BY SEX BY AGE (HISPANIC OR LATINO),VARCHAR(MAX)
B17001I,B17001I_043M,MarginOfErrorTotalIncomeInThePast12MonthsAtOrAbovePovertyLevelMale55To64Years,POVERTY STATUS IN THE PAST 12 MONTHS BY SEX BY AGE (HISPANIC OR LATINO),INTEGER
B17001I,B17001I_043MA,AnnotationOfMarginOfErrorTotalIncomeInThePast12MonthsAtOrAbovePovertyLevelMale55To64Years,POVERTY STATUS IN THE PAST 12 MONTHS BY SEX BY AGE (HISPANIC OR LATINO),VARCHAR(MAX)
B17001I,B17001I_044E,EstimateTotalIncomeInThePast12MonthsAtOrAbovePovertyLevelMale65To74Years,POVERTY STATUS IN THE PAST 12 MONTHS BY SEX BY AGE (HISPANIC OR LATINO),INTEGER
B17001I,B17001I_044EA,AnnotationOfEstimateTotalIncomeInThePast12MonthsAtOrAbovePovertyLevelMale65To74Years,POVERTY STATUS IN THE PAST 12 MONTHS BY SEX BY AGE (HISPANIC OR LATINO),VARCHAR(MAX)
B17001I,B17001I_044M,MarginOfErrorTotalIncomeInThePast12MonthsAtOrAbovePovertyLevelMale65To74Years,POVERTY STATUS IN THE PAST 12 MONTHS BY SEX BY AGE (HISPANIC OR LATINO),INTEGER
B17001I,B17001I_044MA,AnnotationOfMarginOfErrorTotalIncomeInThePast12MonthsAtOrAbovePovertyLevelMale65To74Years,POVERTY STATUS IN THE PAST 12 MONTHS BY SEX BY AGE (HISPANIC OR LATINO),VARCHAR(MAX)
B17001I,B17001I_045E,EstimateTotalIncomeInThePast12MonthsAtOrAbovePovertyLevelMale75YearsAndOver,POVERTY STATUS IN THE PAST 12 MONTHS BY SEX BY AGE (HISPANIC OR LATINO),INTEGER
B17001I,B17001I_045EA,AnnotationOfEstimateTotalIncomeInThePast12MonthsAtOrAbovePovertyLevelMale75YearsAndOver,POVERTY STATUS IN THE PAST 12 MONTHS BY SEX BY AGE (HISPANIC OR LATINO),VARCHAR(MAX)
B17001I,B17001I_045M,MarginOfErrorTotalIncomeInThePast12MonthsAtOrAbovePovertyLevelMale75YearsAndOver,POVERTY STATUS IN THE PAST 12 MONTHS BY SEX BY AGE (HISPANIC OR LATINO),INTEGER
B17001I,B17001I_045MA,AnnotationOfMarginOfErrorTotalIncomeInThePast12MonthsAtOrAbovePovertyLevelMale75YearsAndOver,POVERTY STATUS IN THE PAST 12 MONTHS BY SEX BY AGE (HISPANIC OR LATINO),VARCHAR(MAX)
B17001I,B17001I_046E,EstimateTotalIncomeInThePast12MonthsAtOrAbovePovertyLevelFemale,POVERTY STATUS IN THE PAST 12 MONTHS BY SEX BY AGE (HISPANIC OR LATINO),INTEGER
B17001I,B17001I_046EA,AnnotationOfEstimateTotalIncomeInThePast12MonthsAtOrAbovePovertyLevelFemale,POVERTY STATUS IN THE PAST 12 MONTHS BY SEX BY AGE (HISPANIC OR LATINO),VARCHAR(MAX)
B17001I,B17001I_046M,MarginOfErrorTotalIncomeInThePast12MonthsAtOrAbovePovertyLevelFemale,POVERTY STATUS IN THE PAST 12 MONTHS BY SEX BY AGE (HISPANIC OR LATINO),INTEGER
B17001I,B17001I_046MA,AnnotationOfMarginOfErrorTotalIncomeInThePast12MonthsAtOrAbovePovertyLevelFemale,POVERTY STATUS IN THE PAST 12 MONTHS BY SEX BY AGE (HISPANIC OR LATINO),VARCHAR(MAX)
B17001I,B17001I_047E,EstimateTotalIncomeInThePast12MonthsAtOrAbovePovertyLevelFemaleUnder5Years,POVERTY STATUS IN THE PAST 12 MONTHS BY SEX BY AGE (HISPANIC OR LATINO),INTEGER
B17001I,B17001I_047EA,AnnotationOfEstimateTotalIncomeInThePast12MonthsAtOrAbovePovertyLevelFemaleUnder5Years,POVERTY STATUS IN THE PAST 12 MONTHS BY SEX BY AGE (HISPANIC OR LATINO),VARCHAR(MAX)
B17001I,B17001I_047M,MarginOfErrorTotalIncomeInThePast12MonthsAtOrAbovePovertyLevelFemaleUnder5Years,POVERTY STATUS IN THE PAST 12 MONTHS BY SEX BY AGE (HISPANIC OR LATINO),INTEGER
B17001I,B17001I_047MA,AnnotationOfMarginOfErrorTotalIncomeInThePast12MonthsAtOrAbovePovertyLevelFemaleUnder5Years,POVERTY STATUS IN THE PAST 12 MONTHS BY SEX BY AGE (HISPANIC OR LATINO),VARCHAR(MAX)
B17001I,B17001I_048E,EstimateTotalIncomeInThePast12MonthsAtOrAbovePovertyLevelFemale5Years,POVERTY STATUS IN THE PAST 12 MONTHS BY SEX BY AGE (HISPANIC OR LATINO),INTEGER
B17001I,B17001I_048EA,AnnotationOfEstimateTotalIncomeInThePast12MonthsAtOrAbovePovertyLevelFemale5Years,POVERTY STATUS IN THE PAST 12 MONTHS BY SEX BY AGE (HISPANIC OR LATINO),VARCHAR(MAX)
B17001I,B17001I_048M,MarginOfErrorTotalIncomeInThePast12MonthsAtOrAbovePovertyLevelFemale5Years,POVERTY STATUS IN THE PAST 12 MONTHS BY SEX BY AGE (HISPANIC OR LATINO),INTEGER
B17001I,B17001I_048MA,AnnotationOfMarginOfErrorTotalIncomeInThePast12MonthsAtOrAbovePovertyLevelFemale5Years,POVERTY STATUS IN THE PAST 12 MONTHS BY SEX BY AGE (HISPANIC OR LATINO),VARCHAR(MAX)
B17001I,B17001I_049E,EstimateTotalIncomeInThePast12MonthsAtOrAbovePovertyLevelFemale6To11Years,POVERTY STATUS IN THE PAST 12 MONTHS BY SEX BY AGE (HISPANIC OR LATINO),INTEGER
B17001I,B17001I_049EA,AnnotationOfEstimateTotalIncomeInThePast12MonthsAtOrAbovePovertyLevelFemale6To11Years,POVERTY STATUS IN THE PAST 12 MONTHS BY SEX BY AGE (HISPANIC OR LATINO),VARCHAR(MAX)
B17001I,B17001I_049M,MarginOfErrorTotalIncomeInThePast12MonthsAtOrAbovePovertyLevelFemale6To11Years,POVERTY STATUS IN THE PAST 12 MONTHS BY SEX BY AGE (HISPANIC OR LATINO),INTEGER
B17001I,B17001I_049MA,AnnotationOfMarginOfErrorTotalIncomeInThePast12MonthsAtOrAbovePovertyLevelFemale6To11Years,POVERTY STATUS IN THE PAST 12 MONTHS BY SEX BY AGE (HISPANIC OR LATINO),VARCHAR(MAX)
B17001I,B17001I_050E,EstimateTotalIncomeInThePast12MonthsAtOrAbovePovertyLevelFemale12To14Years,POVERTY STATUS IN THE PAST 12 MONTHS BY SEX BY AGE (HISPANIC OR LATINO),INTEGER
B17001I,B17001I_050EA,AnnotationOfEstimateTotalIncomeInThePast12MonthsAtOrAbovePovertyLevelFemale12To14Years,POVERTY STATUS IN THE PAST 12 MONTHS BY SEX BY AGE (HISPANIC OR LATINO),VARCHAR(MAX)
B17001I,B17001I_050M,MarginOfErrorTotalIncomeInThePast12MonthsAtOrAbovePovertyLevelFemale12To14Years,POVERTY STATUS IN THE PAST 12 MONTHS BY SEX BY AGE (HISPANIC OR LATINO),INTEGER
B17001I,B17001I_050MA,AnnotationOfMarginOfErrorTotalIncomeInThePast12MonthsAtOrAbovePovertyLevelFemale12To14Years,POVERTY STATUS IN THE PAST 12 MONTHS BY SEX BY AGE (HISPANIC OR LATINO),VARCHAR(MAX)
B17001I,B17001I_051E,EstimateTotalIncomeInThePast12MonthsAtOrAbovePovertyLevelFemale15Years,POVERTY STATUS IN THE PAST 12 MONTHS BY SEX BY AGE (HISPANIC OR LATINO),INTEGER
B17001I,B17001I_051EA,AnnotationOfEstimateTotalIncomeInThePast12MonthsAtOrAbovePovertyLevelFemale15Years,POVERTY STATUS IN THE PAST 12 MONTHS BY SEX BY AGE (HISPANIC OR LATINO),VARCHAR(MAX)
B17001I,B17001I_051M,MarginOfErrorTotalIncomeInThePast12MonthsAtOrAbovePovertyLevelFemale15Years,POVERTY STATUS IN THE PAST 12 MONTHS BY SEX BY AGE (HISPANIC OR LATINO),INTEGER
B17001I,B17001I_051MA,AnnotationOfMarginOfErrorTotalIncomeInThePast12MonthsAtOrAbovePovertyLevelFemale15Years,POVERTY STATUS IN THE PAST 12 MONTHS BY SEX BY AGE (HISPANIC OR LATINO),VARCHAR(MAX)
B17001I,B17001I_052E,EstimateTotalIncomeInThePast12MonthsAtOrAbovePovertyLevelFemale16And17Years,POVERTY STATUS IN THE PAST 12 MONTHS BY SEX BY AGE (HISPANIC OR LATINO),INTEGER
B17001I,B17001I_052EA,AnnotationOfEstimateTotalIncomeInThePast12MonthsAtOrAbovePovertyLevelFemale16And17Years,POVERTY STATUS IN THE PAST 12 MONTHS BY SEX BY AGE (HISPANIC OR LATINO),VARCHAR(MAX)
B17001I,B17001I_052M,MarginOfErrorTotalIncomeInThePast12MonthsAtOrAbovePovertyLevelFemale16And17Years,POVERTY STATUS IN THE PAST 12 MONTHS BY SEX BY AGE (HISPANIC OR LATINO),INTEGER
B17001I,B17001I_052MA,AnnotationOfMarginOfErrorTotalIncomeInThePast12MonthsAtOrAbovePovertyLevelFemale16And17Years,POVERTY STATUS IN THE PAST 12 MONTHS BY SEX BY AGE (HISPANIC OR LATINO),VARCHAR(MAX)
B17001I,B17001I_053E,EstimateTotalIncomeInThePast12MonthsAtOrAbovePovertyLevelFemale18To24Years,POVERTY STATUS IN THE PAST 12 MONTHS BY SEX BY AGE (HISPANIC OR LATINO),INTEGER
B17001I,B17001I_053EA,AnnotationOfEstimateTotalIncomeInThePast12MonthsAtOrAbovePovertyLevelFemale18To24Years,POVERTY STATUS IN THE PAST 12 MONTHS BY SEX BY AGE (HISPANIC OR LATINO),VARCHAR(MAX)
B17001I,B17001I_053M,MarginOfErrorTotalIncomeInThePast12MonthsAtOrAbovePovertyLevelFemale18To24Years,POVERTY STATUS IN THE PAST 12 MONTHS BY SEX BY AGE (HISPANIC OR LATINO),INTEGER
B17001I,B17001I_053MA,AnnotationOfMarginOfErrorTotalIncomeInThePast12MonthsAtOrAbovePovertyLevelFemale18To24Years,POVERTY STATUS IN THE PAST 12 MONTHS BY SEX BY AGE (HISPANIC OR LATINO),VARCHAR(MAX)
B17001I,B17001I_054E,EstimateTotalIncomeInThePast12MonthsAtOrAbovePovertyLevelFemale25To34Years,POVERTY STATUS IN THE PAST 12 MONTHS BY SEX BY AGE (HISPANIC OR LATINO),INTEGER
B17001I,B17001I_054EA,AnnotationOfEstimateTotalIncomeInThePast12MonthsAtOrAbovePovertyLevelFemale25To34Years,POVERTY STATUS IN THE PAST 12 MONTHS BY SEX BY AGE (HISPANIC OR LATINO),VARCHAR(MAX)
B17001I,B17001I_054M,MarginOfErrorTotalIncomeInThePast12MonthsAtOrAbovePovertyLevelFemale25To34Years,POVERTY STATUS IN THE PAST 12 MONTHS BY SEX BY AGE (HISPANIC OR LATINO),INTEGER
B17001I,B17001I_054MA,AnnotationOfMarginOfErrorTotalIncomeInThePast12MonthsAtOrAbovePovertyLevelFemale25To34Years,POVERTY STATUS IN THE PAST 12 MONTHS BY SEX BY AGE (HISPANIC OR LATINO),VARCHAR(MAX)
B17001I,B17001I_055E,EstimateTotalIncomeInThePast12MonthsAtOrAbovePovertyLevelFemale35To44Years,POVERTY STATUS IN THE PAST 12 MONTHS BY SEX BY AGE (HISPANIC OR LATINO),INTEGER
B17001I,B17001I_055EA,AnnotationOfEstimateTotalIncomeInThePast12MonthsAtOrAbovePovertyLevelFemale35To44Years,POVERTY STATUS IN THE PAST 12 MONTHS BY SEX BY AGE (HISPANIC OR LATINO),VARCHAR(MAX)
B17001I,B17001I_055M,MarginOfErrorTotalIncomeInThePast12MonthsAtOrAbovePovertyLevelFemale35To44Years,POVERTY STATUS IN THE PAST 12 MONTHS BY SEX BY AGE (HISPANIC OR LATINO),INTEGER
B17001I,B17001I_055MA,AnnotationOfMarginOfErrorTotalIncomeInThePast12MonthsAtOrAbovePovertyLevelFemale35To44Years,POVERTY STATUS IN THE PAST 12 MONTHS BY SEX BY AGE (HISPANIC OR LATINO),VARCHAR(MAX)
B17001I,B17001I_056E,EstimateTotalIncomeInThePast12MonthsAtOrAbovePovertyLevelFemale45To54Years,POVERTY STATUS IN THE PAST 12 MONTHS BY SEX BY AGE (HISPANIC OR LATINO),INTEGER
B17001I,B17001I_056EA,AnnotationOfEstimateTotalIncomeInThePast12MonthsAtOrAbovePovertyLevelFemale45To54Years,POVERTY STATUS IN THE PAST 12 MONTHS BY SEX BY AGE (HISPANIC OR LATINO),VARCHAR(MAX)
B17001I,B17001I_056M,MarginOfErrorTotalIncomeInThePast12MonthsAtOrAbovePovertyLevelFemale45To54Years,POVERTY STATUS IN THE PAST 12 MONTHS BY SEX BY AGE (HISPANIC OR LATINO),INTEGER
B17001I,B17001I_056MA,AnnotationOfMarginOfErrorTotalIncomeInThePast12MonthsAtOrAbovePovertyLevelFemale45To54Years,POVERTY STATUS IN THE PAST 12 MONTHS BY SEX BY AGE (HISPANIC OR LATINO),VARCHAR(MAX)
B17001I,B17001I_057E,EstimateTotalIncomeInThePast12MonthsAtOrAbovePovertyLevelFemale55To64Years,POVERTY STATUS IN THE PAST 12 MONTHS BY SEX BY AGE (HISPANIC OR LATINO),INTEGER
B17001I,B17001I_057EA,AnnotationOfEstimateTotalIncomeInThePast12MonthsAtOrAbovePovertyLevelFemale55To64Years,POVERTY STATUS IN THE PAST 12 MONTHS BY SEX BY AGE (HISPANIC OR LATINO),VARCHAR(MAX)
B17001I,B17001I_057M,MarginOfErrorTotalIncomeInThePast12MonthsAtOrAbovePovertyLevelFemale55To64Years,POVERTY STATUS IN THE PAST 12 MONTHS BY SEX BY AGE (HISPANIC OR LATINO),INTEGER
B17001I,B17001I_057MA,AnnotationOfMarginOfErrorTotalIncomeInThePast12MonthsAtOrAbovePovertyLevelFemale55To64Years,POVERTY STATUS IN THE PAST 12 MONTHS BY SEX BY AGE (HISPANIC OR LATINO),VARCHAR(MAX)
B17001I,B17001I_058E,EstimateTotalIncomeInThePast12MonthsAtOrAbovePovertyLevelFemale65To74Years,POVERTY STATUS IN THE PAST 12 MONTHS BY SEX BY AGE (HISPANIC OR LATINO),INTEGER
B17001I,B17001I_058EA,AnnotationOfEstimateTotalIncomeInThePast12MonthsAtOrAbovePovertyLevelFemale65To74Years,POVERTY STATUS IN THE PAST 12 MONTHS BY SEX BY AGE (HISPANIC OR LATINO),VARCHAR(MAX)
B17001I,B17001I_058M,MarginOfErrorTotalIncomeInThePast12MonthsAtOrAbovePovertyLevelFemale65To74Years,POVERTY STATUS IN THE PAST 12 MONTHS BY SEX BY AGE (HISPANIC OR LATINO),INTEGER
B17001I,B17001I_058MA,AnnotationOfMarginOfErrorTotalIncomeInThePast12MonthsAtOrAbovePovertyLevelFemale65To74Years,POVERTY STATUS IN THE PAST 12 MONTHS BY SEX BY AGE (HISPANIC OR LATINO),VARCHAR(MAX)
B17001I,B17001I_059E,EstimateTotalIncomeInThePast12MonthsAtOrAbovePovertyLevelFemale75YearsAndOver,POVERTY STATUS IN THE PAST 12 MONTHS BY SEX BY AGE (HISPANIC OR LATINO),INTEGER
B17001I,B17001I_059EA,AnnotationOfEstimateTotalIncomeInThePast12MonthsAtOrAbovePovertyLevelFemale75YearsAndOver,POVERTY STATUS IN THE PAST 12 MONTHS BY SEX BY AGE (HISPANIC OR LATINO),VARCHAR(MAX)
B17001I,B17001I_059M,MarginOfErrorTotalIncomeInThePast12MonthsAtOrAbovePovertyLevelFemale75YearsAndOver,POVERTY STATUS IN THE PAST 12 MONTHS BY SEX BY AGE (HISPANIC OR LATINO),INTEGER
B17001I,B17001I_059MA,AnnotationOfMarginOfErrorTotalIncomeInThePast12MonthsAtOrAbovePovertyLevelFemale75YearsAndOver,POVERTY STATUS IN THE PAST 12 MONTHS BY SEX BY AGE (HISPANIC OR LATINO),VARCHAR(MAX)
